Title,Description,Priority,Status,Assignee,Created,Started,Completed,Estimate,Labels
"Implement Schema Consumption Interface","Create robust schema loader with fallback handling for loading DUX object schemas. Foundation for all object extraction. Check cache first, load from current archive location, handle path changes gracefully, validate schema structure, cache for performance.","High","Backlog","","2025-01-15","","","8","platform,extraction,p0,schema"
"Build Core Extraction Pipeline","Create automated pipeline with Core schemas replacing manual extraction processes. Main orchestrator with schema validation at extraction time, object factory for each DUX type, error handling and logging, extraction metrics.","High","Backlog","","2025-01-15","","","13","platform,extraction,p0,pipeline"
"Implement Agent Prompt Loading System","Create dynamic prompt loading from Core for consistent extraction across studies. Load appropriate prompt template, cache loaded prompts, handle version changes. Check multiple Core locations during infrastructure transition.","High","Backlog","","2025-01-15","","","5","platform,extraction,p0,prompts"
"Create Validation Feedback Loop to Core","Build systematic failure reporting to improve schemas based on real usage. Categorize failure types, suggest schema improvements, log to shared location, generate reports for Core team.","Medium","Backlog","","2025-01-15","","","5","platform,extraction,p1,feedback"
"Build Training Data Management System","Create organized training data pipeline to improve extraction accuracy. Training data repository structure, import canonical examples from Core, build validation set from approved objects, implement versioning, create evaluation metrics.","Medium","Backlog","","2025-01-15","","","8","platform,extraction,p1,training"
"Implement Relationship Extraction Pipeline","Extract full relationship graph instead of isolated objects. DUX value comes from connections. Problem → UserOutcome links, UserOutcome → Behavior + Result, All → Provenance evidence chains, Build Neo4j relationships.","Medium","Backlog","","2025-01-15","","","10","platform,extraction,p1,relationships"
"Add Quality Scoring System","Replace binary valid/invalid with granular quality metrics to prioritize high-quality extractions. Define quality dimensions (completeness, evidence strength), implement scoring algorithms, create quality dashboards, add quality-based filtering.","Low","Backlog","","2025-01-15","","","8","platform,extraction,p2,quality"
"Build Extraction Monitoring and Alerting","Create comprehensive monitoring and alerting for operational excellence. Add extraction metrics (success rate, time, volume), create monitoring dashboards, implement alerting for failures, add performance tracking.","Low","Backlog","","2025-01-15","","","5","platform,extraction,p2,monitoring"
"Create Batch Processing System","Enable efficient batch operations to scale to large research studies. Implement parallel extraction, add progress tracking, create resumable pipelines, optimize for throughput.","Low","Backlog","","2025-01-15","","","8","platform,extraction,p2,batch"
"Implement Extraction Versioning and Lineage","Add version tracking for reproducibility and debugging. Version extraction runs, track schema versions used, log prompt versions, enable extraction replay.","Low","Backlog","","2025-01-15","","","5","platform,extraction,p2,versioning"
"Build Study-Specific Template System","Create customizable extraction templates per study to optimize for specific research needs. Template system, allow study-specific overrides, build template library, share successful templates.","Low","Backlog","","2025-01-15","","","8","platform,extraction,p3,templates"
"Implement Multi-Model Extraction Strategy","Use best model for each task to optimize quality and cost. Benchmark models per object type, implement model routing, add fallback strategies, create cost optimization.","Low","Backlog","","2025-01-15","","","10","platform,extraction,p3,models"
"Create Active Learning Pipeline","Enable learning from corrections for continuous improvement. Track extraction corrections, retrain on corrections, implement confidence scoring, add human-in-the-loop for low confidence.","Low","Backlog","","2025-01-15","","","13","platform,extraction,p3,learning"
"Build Cross-Study Analytics System","Generate research meta-insights across studies. Build cross-study object database, implement pattern detection, create insight synthesis, generate research trends.","Low","Backlog","","2025-01-15","","","10","platform,extraction,p3,analytics"